<?xml version="1.0"?>
<!DOCTYPE liferay-portlet-app PUBLIC "-//Liferay//DTD Portlet Application 6.2.0//EN" "http://www.liferay.com/dtd/liferay-portlet-app_6_2_0.dtd">

<liferay-portlet-app>

	<portlet>
		<portlet-name>credit-card-controller</portlet-name>
		<icon>/icon.png</icon>
		<scheduler-entry>
			<scheduler-event-listener-class>com.test.creditcard.scheduler.StatementScheduler</scheduler-event-listener-class>
			<trigger>
				<cron>
					<cron-trigger-value>0 0 0 29 1/1 ? *</cron-trigger-value>
				</cron>
			</trigger>
		</scheduler-entry>
		<requires-namespaced-parameters>false</requires-namespaced-parameters>
		<header-portlet-css>/css/main.css</header-portlet-css>
		<header-portlet-javascript>/js/jquery.js</header-portlet-javascript>

		<footer-portlet-javascript>
			/js/main.js
		</footer-portlet-javascript>
		<css-class-wrapper>
			credit-card-controller-portlet
		</css-class-wrapper>
	</portlet>
	<portlet>
		<portlet-name>add-transaction</portlet-name>
		<icon>/icon.png</icon>
		<requires-namespaced-parameters>false</requires-namespaced-parameters>
		<header-portal-css>/css/bootstrap-theme.min.css</header-portal-css>
		<header-portal-css>/css/bootstrap.min.css</header-portal-css>
		<header-portlet-css>/css/main.css</header-portlet-css>
		<footer-portal-javascript>/js/bootstrap.min.js</footer-portal-javascript>
		<footer-portlet-javascript>
			/js/main.js
		</footer-portlet-javascript>
		<css-class-wrapper>add-transaction-portlet</css-class-wrapper>
	</portlet>
	<role-mapper>
		<role-name>administrator</role-name>
		<role-link>Administrator</role-link>
	</role-mapper>
	<role-mapper>
		<role-name>guest</role-name>
		<role-link>Guest</role-link>
	</role-mapper>
	<role-mapper>
		<role-name>power-user</role-name>
		<role-link>Power User</role-link>
	</role-mapper>
	<role-mapper>
		<role-name>user</role-name>
		<role-link>User</role-link>
	</role-mapper>
</liferay-portlet-app>