<?xml version="1.0"?>

<beans xmlns="http://www.springframework.org/schema/beans" xmlns:xsi="http://www.w3.org/2001/XMLSchema-instance" default-destroy-method="destroy" default-init-method="afterPropertiesSet" xsi:schemaLocation="http://www.springframework.org/schema/beans http://www.springframework.org/schema/beans/spring-beans-3.0.xsd">
	<bean id="com.ccm.service.BulkUploadsLocalService" class="com.ccm.service.impl.BulkUploadsLocalServiceImpl" />
	<bean id="com.ccm.service.BulkUploadsService" class="com.ccm.service.impl.BulkUploadsServiceImpl" />
	<bean id="com.ccm.service.persistence.BulkUploadsPersistence" class="com.ccm.service.persistence.BulkUploadsPersistenceImpl" parent="basePersistence" />
	<bean id="com.ccm.service.CreditCardsLocalService" class="com.ccm.service.impl.CreditCardsLocalServiceImpl" />
	<bean id="com.ccm.service.CreditCardsService" class="com.ccm.service.impl.CreditCardsServiceImpl" />
	<bean id="com.ccm.service.persistence.CreditCardsPersistence" class="com.ccm.service.persistence.CreditCardsPersistenceImpl" parent="basePersistence" />
	<bean id="com.ccm.service.CustomerLocalService" class="com.ccm.service.impl.CustomerLocalServiceImpl" />
	<bean id="com.ccm.service.CustomerService" class="com.ccm.service.impl.CustomerServiceImpl" />
	<bean id="com.ccm.service.persistence.CustomerPersistence" class="com.ccm.service.persistence.CustomerPersistenceImpl" parent="basePersistence" />
	<bean id="com.ccm.service.StatementLocalService" class="com.ccm.service.impl.StatementLocalServiceImpl" />
	<bean id="com.ccm.service.StatementService" class="com.ccm.service.impl.StatementServiceImpl" />
	<bean id="com.ccm.service.persistence.StatementPersistence" class="com.ccm.service.persistence.StatementPersistenceImpl" parent="basePersistence" />
	<bean id="com.ccm.service.TransactionsLocalService" class="com.ccm.service.impl.TransactionsLocalServiceImpl" />
	<bean id="com.ccm.service.TransactionsService" class="com.ccm.service.impl.TransactionsServiceImpl" />
	<bean id="com.ccm.service.persistence.TransactionsPersistence" class="com.ccm.service.persistence.TransactionsPersistenceImpl" parent="basePersistence" />
</beans>