<?xml version="1.0"?>

<model-hints>
	<model name="com.ccm.model.BulkUploads">
		<field name="uuid" type="String" />
		<field name="id" type="long" />
		<field name="uploadDate" type="Date" />
		<field name="timeTaken" type="double" />
		<field name="totalRecords" type="int" />
		<field name="successRecords" type="int" />
		<field name="failedRecords" type="int" />
		<field name="fileName" type="String" />
		<field name="errorFilePath" type="String" />
		<field name="userId" type="long" />
		<field name="creditCardId" type="long" />
	</model>
	<model name="com.ccm.model.CreditCards">
		<field name="uuid" type="String" />
		<field name="id" type="long" />
		<field name="cardNumber" type="String" />
		<field name="validFromDate" type="Date" />
		<field name="validToDate" type="Date" />
		<field name="cvv" type="long" />
		<field name="nameOnCard" type="String" />
		<field name="statementDate" type="String" />
		<field name="userId" type="long" />
		<field name="creditLimit" type="double" />
		<field name="availableCreditLimit" type="double" />
		<field name="royalty_points" type="int" />
	</model>
	<model name="com.ccm.model.Customer">
		<field name="uuid" type="String" />
		<field name="id" type="long" />
	</model>
	<model name="com.ccm.model.Statement">
		<field name="uuid" type="String" />
		<field name="id" type="long" />
		<field name="creditCardId" type="long" />
		<field name="statementDate" type="Date" />
		<field name="fromDate" type="Date" />
		<field name="toDate" type="Date" />
		<field name="amountDue" type="double" />
		<field name="statementFilePath" type="String">
			<hint name="max-length">250</hint>
		</field>
	</model>
	<model name="com.ccm.model.Transactions">
		<field name="uuid" type="String" />
		<field name="id" type="long" />
		<field name="creditCardId" type="long" />
		<field name="amount" type="double" />
		<field name="transactionDate" type="Date" />
		<field name="balance" type="double" />
		<field name="description" type="String" />
		<field name="userId" type="long" />
	</model>
</model-hints>