<?xml version="1.0"?>
<!DOCTYPE hibernate-mapping PUBLIC "-//Hibernate/Hibernate Mapping DTD 3.0//EN" "http://hibernate.sourceforge.net/hibernate-mapping-3.0.dtd">

<hibernate-mapping default-lazy="false" auto-import="false">
	<import class="com.ccm.model.BulkUploads" />
	<import class="com.ccm.model.CreditCards" />
	<import class="com.ccm.model.Customer" />
	<import class="com.ccm.model.Statement" />
	<import class="com.ccm.model.Transactions" />
	<class name="com.ccm.model.impl.BulkUploadsImpl" table="CCM_BulkUploads">
		<cache usage="read-write" />
		<id name="id" column="id_" type="long">
			<generator class="identity" />
		</id>
		<property name="uuid" type="com.liferay.portal.dao.orm.hibernate.StringType" column="uuid_" />
		<property name="uploadDate" type="org.hibernate.type.TimestampType" />
		<property name="timeTaken" type="com.liferay.portal.dao.orm.hibernate.DoubleType" />
		<property name="totalRecords" type="com.liferay.portal.dao.orm.hibernate.IntegerType" />
		<property name="successRecords" type="com.liferay.portal.dao.orm.hibernate.IntegerType" />
		<property name="failedRecords" type="com.liferay.portal.dao.orm.hibernate.IntegerType" />
		<property name="fileName" type="com.liferay.portal.dao.orm.hibernate.StringType" />
		<property name="errorFilePath" type="com.liferay.portal.dao.orm.hibernate.StringType" />
		<property name="userId" type="com.liferay.portal.dao.orm.hibernate.LongType" />
		<property name="creditCardId" type="com.liferay.portal.dao.orm.hibernate.LongType" />
	</class>
	<class name="com.ccm.model.impl.CreditCardsImpl" table="CCM_CreditCards">
		<cache usage="read-write" />
		<id name="id" column="id_" type="long">
			<generator class="identity" />
		</id>
		<property name="uuid" type="com.liferay.portal.dao.orm.hibernate.StringType" column="uuid_" />
		<property name="cardNumber" type="com.liferay.portal.dao.orm.hibernate.StringType" />
		<property name="validFromDate" type="org.hibernate.type.TimestampType" />
		<property name="validToDate" type="org.hibernate.type.TimestampType" />
		<property name="cvv" type="com.liferay.portal.dao.orm.hibernate.LongType" />
		<property name="nameOnCard" type="com.liferay.portal.dao.orm.hibernate.StringType" />
		<property name="statementDate" type="com.liferay.portal.dao.orm.hibernate.StringType" />
		<property name="userId" type="com.liferay.portal.dao.orm.hibernate.LongType" />
		<property name="creditLimit" type="com.liferay.portal.dao.orm.hibernate.DoubleType" />
		<property name="availableCreditLimit" type="com.liferay.portal.dao.orm.hibernate.DoubleType" />
		<property name="royalty_points" type="com.liferay.portal.dao.orm.hibernate.IntegerType" />
	</class>
	<class name="com.ccm.model.impl.CustomerImpl" table="CCM_Customer">
		<cache usage="read-write" />
		<id name="id" column="id_" type="long">
			<generator class="identity" />
		</id>
		<property name="uuid" type="com.liferay.portal.dao.orm.hibernate.StringType" column="uuid_" />
	</class>
	<class name="com.ccm.model.impl.StatementImpl" table="CCM_Statement">
		<cache usage="read-write" />
		<id name="id" column="id_" type="long">
			<generator class="identity" />
		</id>
		<property name="uuid" type="com.liferay.portal.dao.orm.hibernate.StringType" column="uuid_" />
		<property name="creditCardId" type="com.liferay.portal.dao.orm.hibernate.LongType" />
		<property name="statementDate" type="org.hibernate.type.TimestampType" />
		<property name="fromDate" type="org.hibernate.type.TimestampType" />
		<property name="toDate" type="org.hibernate.type.TimestampType" />
		<property name="amountDue" type="com.liferay.portal.dao.orm.hibernate.DoubleType" />
		<property name="statementFilePath" type="com.liferay.portal.dao.orm.hibernate.StringType" />
	</class>
	<class name="com.ccm.model.impl.TransactionsImpl" table="CCM_Transactions">
		<cache usage="read-write" />
		<id name="id" column="id_" type="long">
			<generator class="identity" />
		</id>
		<property name="uuid" type="com.liferay.portal.dao.orm.hibernate.StringType" column="uuid_" />
		<property name="creditCardId" type="com.liferay.portal.dao.orm.hibernate.LongType" />
		<property name="amount" type="com.liferay.portal.dao.orm.hibernate.DoubleType" />
		<property name="transactionDate" type="org.hibernate.type.TimestampType" />
		<property name="balance" type="com.liferay.portal.dao.orm.hibernate.DoubleType" />
		<property name="description" type="com.liferay.portal.dao.orm.hibernate.StringType" />
		<property name="userId" type="com.liferay.portal.dao.orm.hibernate.LongType" />
	</class>
</hibernate-mapping>