<?xml version="1.0"?>

<entity-mappings xmlns="http://java.sun.com/xml/ns/persistence/orm" xmlns:xsi="http://www.w3.org/2001/XMLSchema-instance" version="1.0" xsi:schemaLocation="http://java.sun.com/xml/ns/persistence/orm http://java.sun.com/xml/ns/persistence/orm_1_0.xsd">
	<persistence-unit-metadata>
		<xml-mapping-metadata-complete/>
		<persistence-unit-defaults>
			<access>PROPERTY</access>
		</persistence-unit-defaults>
	</persistence-unit-metadata>
	<mapped-superclass class="com.ccm.model.impl.BulkUploadsModelImpl">
		<attributes>
			<id name="id">
				<column name="ID_" />
			</id>
			<basic name="uuid">
				<column name="UUID_" />
			</basic>
			<basic name="uploadDate">
				<temporal>TIMESTAMP</temporal>
			</basic>
			<basic name="timeTaken" />
			<basic name="totalRecords" />
			<basic name="successRecords" />
			<basic name="failedRecords" />
			<basic name="fileName" />
			<basic name="errorFilePath" />
			<basic name="userId" />
			<basic name="creditCardId" />
			<transient name="modelAttributes" />
			<transient name="primaryKey" />
			<transient name="primaryKeyObj" />
			<transient name="userUuid" />
		</attributes>
	</mapped-superclass>
	<mapped-superclass class="com.ccm.model.impl.CreditCardsModelImpl">
		<attributes>
			<id name="id">
				<column name="ID_" />
			</id>
			<basic name="uuid">
				<column name="UUID_" />
			</basic>
			<basic name="cardNumber" />
			<basic name="validFromDate">
				<temporal>TIMESTAMP</temporal>
			</basic>
			<basic name="validToDate">
				<temporal>TIMESTAMP</temporal>
			</basic>
			<basic name="cvv" />
			<basic name="nameOnCard" />
			<basic name="statementDate" />
			<basic name="userId" />
			<basic name="creditLimit" />
			<basic name="availableCreditLimit" />
			<basic name="royalty_points" />
			<transient name="modelAttributes" />
			<transient name="primaryKey" />
			<transient name="primaryKeyObj" />
			<transient name="userUuid" />
		</attributes>
	</mapped-superclass>
	<mapped-superclass class="com.ccm.model.impl.CustomerModelImpl">
		<attributes>
			<id name="id">
				<column name="ID_" />
			</id>
			<basic name="uuid">
				<column name="UUID_" />
			</basic>
			<transient name="modelAttributes" />
			<transient name="primaryKey" />
			<transient name="primaryKeyObj" />
		</attributes>
	</mapped-superclass>
	<mapped-superclass class="com.ccm.model.impl.StatementModelImpl">
		<attributes>
			<id name="id">
				<column name="ID_" />
			</id>
			<basic name="uuid">
				<column name="UUID_" />
			</basic>
			<basic name="creditCardId" />
			<basic name="statementDate">
				<temporal>TIMESTAMP</temporal>
			</basic>
			<basic name="fromDate">
				<temporal>TIMESTAMP</temporal>
			</basic>
			<basic name="toDate">
				<temporal>TIMESTAMP</temporal>
			</basic>
			<basic name="amountDue" />
			<basic name="statementFilePath" />
			<transient name="modelAttributes" />
			<transient name="primaryKey" />
			<transient name="primaryKeyObj" />
		</attributes>
	</mapped-superclass>
	<mapped-superclass class="com.ccm.model.impl.TransactionsModelImpl">
		<attributes>
			<id name="id">
				<column name="ID_" />
			</id>
			<basic name="uuid">
				<column name="UUID_" />
			</basic>
			<basic name="creditCardId" />
			<basic name="amount" />
			<basic name="transactionDate">
				<temporal>TIMESTAMP</temporal>
			</basic>
			<basic name="balance" />
			<basic name="description" />
			<basic name="userId" />
			<transient name="modelAttributes" />
			<transient name="primaryKey" />
			<transient name="primaryKeyObj" />
			<transient name="userUuid" />
		</attributes>
	</mapped-superclass>
	<entity class="com.ccm.model.impl.BulkUploadsImpl" name="BulkUploads">
		<table name="CCM_BulkUploads" />
		<attributes>
			<transient name="customerName" />
		</attributes>
	</entity>
	<entity class="com.ccm.model.impl.CreditCardsImpl" name="CreditCards">
		<table name="CCM_CreditCards" />
		<attributes />
	</entity>
	<entity class="com.ccm.model.impl.CustomerImpl" name="Customer">
		<table name="CCM_Customer" />
		<attributes />
	</entity>
	<entity class="com.ccm.model.impl.StatementImpl" name="Statement">
		<table name="CCM_Statement" />
		<attributes />
	</entity>
	<entity class="com.ccm.model.impl.TransactionsImpl" name="Transactions">
		<table name="CCM_Transactions" />
		<attributes>
			<transient name="customerName" />
		</attributes>
	</entity>
</entity-mappings>