<?xml version="1.0" encoding="UTF-8"?>
<!DOCTYPE service-builder PUBLIC "-//Liferay//DTD Service Builder 6.2.0//EN" "http://www.liferay.com/dtd/liferay-service-builder_6_2_0.dtd">
<service-builder package-path="com.ccm">
	<author>Shreeya</author>
	<namespace>CCM</namespace>
	<entity name="Transactions" local-service="true" uuid="true">
		<column name="id" type="long" primary="true" id-type="identity"></column>
		<column name="creditCardId" type="long"></column>
		<column name="amount" type="double"></column>
		<column name="transactionDate" type="Date"></column>
		<column name="balance" type="double"></column>
		<column name="description" type="String"></column>
		<column name="userId" type="long"></column>
		<finder name="CreditCardId" return-type="Collection">
			<finder-column name="creditCardId"></finder-column>
		</finder>
		<finder name="UserId" return-type="Collection">
			<finder-column name="userId"></finder-column>
		</finder>
	</entity>

	<entity name="Statement" local-service="true" uuid="true">
		<column name="id" type="long" primary="true" id-type="identity"></column>
		<column name="creditCardId" type="long"></column>
		<column name="statementDate" type="Date"></column>
		<column name="fromDate" type="Date"></column>
		<column name="toDate" type="Date"></column>
		<column name="amountDue" type="double"></column>
		<column name="statementFilePath" type="String"></column>
		<finder name="CreditCardId" return-type="Collection">
			<finder-column name="creditCardId"></finder-column>
		</finder>
	</entity>
	<entity name="BulkUploads" local-service="true" uuid="true">
		<column name="id" type="long" primary="true" id-type="identity"></column>
		<column name="uploadDate" type="Date"></column>
		<column name="timeTaken" type="double"></column>
		<column name="totalRecords" type="int"></column>
		<column name="successRecords" type="int"></column>
		<column name="failedRecords" type="int"></column>
		<column name="fileName" type="String"></column>
		<column name="errorFilePath" type="String"></column>
		<column name="userId" type="long"></column>
		<column name="creditCardId" type="long"></column>
		<finder name="CreditCardId" return-type="Collection">
			<finder-column name="creditCardId"></finder-column>
		</finder>
		<finder name="UserId" return-type="Collection">
			<finder-column name="userId"></finder-column>
		</finder>
	</entity>
	<entity name="CreditCards" local-service="true" uuid="true">
		<column name="id" type="long" primary="true" id-type="identity"></column>
		<column name="cardNumber" type="String"></column>
		<column name="validFromDate" type="Date"></column>
		<column name="validToDate" type="Date"></column>
		<column name="cvv" type="long"></column>
		<column name="nameOnCard" type="String"></column>
		<column name="statementDate" type="String"></column>
		<column name="userId" type="long"></column>
		<column name="creditLimit" type="double"></column>
		<column name="availableCreditLimit" type="double"></column>
		<column name="royalty_points" type="int"></column>
		<finder name="UserId" return-type="Collection">
			<finder-column name="userId"></finder-column>
		</finder>
		<finder name="UserIdCardNumber" return-type="CreditCards">
			<finder-column name="userId"></finder-column>
			<finder-column name="cardNumber"></finder-column>
		</finder>
		
	</entity>
	<entity name="Customer" local-service="true" uuid="true"
		json-enabled="true" remote-service="true">
		<column name="id" type="long" primary="true" id-type="identity"></column>
	</entity>

</service-builder>