<?xml version="1.0" encoding="UTF-8"?>
<beans xmlns="http://www.springframework.org/schema/beans"
	xmlns:xsi="http://www.w3.org/2001/XMLSchema-instance" xmlns:p="http://www.springframework.org/schema/p"
	xmlns:context="http://www.springframework.org/schema/context"
	xmlns:aop="http://www.springframework.org/schema/aop"
	xsi:schemaLocation="  
        http://www.springframework.org/schema/beans  
        http://www.springframework.org/schema/beans/spring-beans-3.0.xsd  
        http://www.springframework.org/schema/context  
        http://www.springframework.org/schema/context/spring-context-3.0.xsd  
        http://www.springframework.org/schema/aop  
  http://www.springframework.org/schema/aop/spring-aop-2.5.xsd">
	<context:component-scan annotation-config="true"
		base-package="com.test.creditcard"></context:component-scan>
		
	<!-- <bean id="multipartResolver"
        class="org.springframework.web.multipart.commons.CommonsMultipartResolver" />
     -->
        <!-- File Upload -->
    <bean id="portletMultipartResolver" class="org.springframework.web.portlet.multipart.CommonsPortletMultipartResolver">
 
    <!-- one of the properties available; the maximum file size in bytes -->
    <property name="maxUploadSize" value="1000000"/>
    </bean>
     
	<bean id="jspViewResolver"
		class="org.springframework.web.servlet.view.InternalResourceViewResolver">
		<property name="viewClass"
			value="org.springframework.web.servlet.view.InternalResourceView" />
		<property name="prefix" value="/WEB-INF/html/creditcardfinal/" />
		<property name="suffix" value=".jsp" />
		<property name="order" value="1" />
	</bean>
</beans>  